y_true,y_pred,MSE,BCE
1.0,0.005,0.990025,5.298317
1.0,0.01,0.9801,4.60517
1.0,0.05,0.9025,2.995732
1.0,0.1,0.81,2.302585
1.0,0.2,0.6400000000000001,1.609438
1.0,0.3,0.48999999999999994,1.203973
1.0,0.4,0.36,0.916291
1.0,0.5,0.25,0.693147
1.0,0.6,0.16000000000000003,0.510826
1.0,0.7,0.09000000000000002,0.356675
1.0,0.8,0.03999999999999998,0.223144
1.0,0.9,0.009999999999999995,0.105361
1.0,1.0,0.0,0.0
